Open,High,Low,Close,Adj Close,Volume,ticker
40.0,46.0,40.0,45.25,43.50139617919922,7000,OTIS
45.0099983215332,46.0099983215332,45.0,45.0,43.261051177978516,3600,OTIS
42.0,42.0,39.97999954223633,40.0,38.454261779785156,11900,OTIS
40.0,40.0,39.0,40.0,38.454261779785156,77800,OTIS
40.0,44.79999923706055,38.0,41.0099983215332,39.42523956298828,7000,OTIS
45.0,47.5,44.25,45.0,43.261051177978516,29100,OTIS
45.0,47.5,44.9900016784668,45.23500061035156,43.486976623535156,263200,OTIS
44.25,50.0,44.25,50.0,48.067840576171875,118100,OTIS
46.5,50.0,44.779998779296875,50.0,48.067840576171875,210300,OTIS
45.9900016784668,48.5,44.0,46.70000076293945,44.89535903930664,1206100,OTIS
45.02399826049805,48.65999984741211,43.20000076293945,44.0,42.299705505371094,9264200,OTIS
43.75,49.29999923706055,41.79999923706055,47.31999969482422,45.49140548706055,22551600,OTIS
47.0,47.849998474121094,44.70000076293945,45.939998626708984,44.164730072021484,10294200,OTIS
45.150001525878906,46.9900016784668,42.93000030517578,44.279998779296875,42.568878173828125,12146500,OTIS
42.209999084472656,45.20000076293945,41.2599983215332,44.09000015258789,42.3862190246582,22265800,OTIS
44.04999923706055,50.25,44.0,49.13999938964844,47.241065979003906,17355600,OTIS
48.54999923706055,48.66999816894531,45.720001220703125,46.0,44.222412109375,8545100,OTIS
45.90999984741211,46.29999923706055,43.970001220703125,45.88999938964844,44.116661071777344,10152100,OTIS
44.189998626708984,44.849998474121094,42.79999923706055,44.54999923706055,42.82843780517578,7935500,OTIS
44.08000183105469,46.40700149536133,43.54999923706055,45.619998931884766,43.85709762573242,8740200,OTIS
47.0,48.560001373291016,45.91999816894531,46.150001525878906,44.36662292480469,7878100,OTIS
45.0,46.97999954223633,44.900001525878906,45.38999938964844,43.63597869873047,5407500,OTIS
44.5,47.20000076293945,44.5,45.900001525878906,44.126277923583984,6939700,OTIS
47.310001373291016,49.54999923706055,46.0,47.04999923706055,45.23183822631836,6801900,OTIS
47.439998626708984,48.040000915527344,46.47999954223633,47.470001220703125,45.6356086730957,5174800,OTIS
48.02000045776367,48.5,46.310001373291016,47.849998474121094,46.000919342041016,6446900,OTIS
48.08000183105469,48.599998474121094,47.61000061035156,48.220001220703125,46.35662078857422,5541100,OTIS
49.06999969482422,50.95000076293945,48.650001525878906,49.86000061035156,47.93324661254883,5368200,OTIS
50.77000045776367,51.72999954223633,49.709999084472656,51.150001525878906,49.17340087890625,4343900,OTIS
50.970001220703125,51.599998474121094,50.5,50.90999984741211,48.94267272949219,6123800,OTIS
50.33000183105469,50.529998779296875,48.310001373291016,49.709999084472656,47.78904342651367,3089700,OTIS
48.849998474121094,49.66999816894531,47.5099983215332,49.529998779296875,47.61600112915039,5676600,OTIS
49.529998779296875,50.63999938964844,47.959999084472656,48.09000015258789,46.23164367675781,4103600,OTIS
48.61000061035156,49.0,47.88999938964844,48.310001373291016,46.44314956665039,2931800,OTIS
49.02000045776367,53.290000915527344,48.9900016784668,51.810001373291016,49.80789566040039,4803200,OTIS
52.119998931884766,54.16999816894531,52.11000061035156,52.95000076293945,50.90384292602539,4289400,OTIS
52.0,52.400001525878906,51.060001373291016,51.810001373291016,49.80789566040039,3150600,OTIS
52.189998626708984,52.290000915527344,49.689998626708984,49.720001220703125,47.79865646362305,3059800,OTIS
49.0,50.29999923706055,47.8849983215332,48.209999084472656,46.347007751464844,4567000,OTIS
47.61000061035156,48.400001525878906,47.22999954223633,48.0,46.14512252807617,4849900,OTIS
47.31999969482422,49.220001220703125,47.20000076293945,48.88999938964844,47.000736236572266,2981400,OTIS
50.119998931884766,52.34000015258789,50.119998931884766,52.130001068115234,50.11553192138672,4452600,OTIS
51.68000030517578,52.928001403808594,51.05500030517578,52.310001373291016,50.28857421875,2050300,OTIS
52.54999923706055,54.70000076293945,52.474998474121094,53.18000030517578,51.12495422363281,4755100,OTIS
52.36000061035156,53.54999923706055,51.869998931884766,52.029998779296875,50.208213806152344,3813100,OTIS
52.459999084472656,52.720001220703125,50.91999816894531,51.709999084472656,49.89942169189453,2134300,OTIS
53.029998779296875,53.9900016784668,50.70000076293945,50.88999938964844,49.108131408691406,6247000,OTIS
51.59000015258789,52.650001525878906,50.77000045776367,52.380001068115234,50.54596710205078,5202300,OTIS
52.869998931884766,52.95000076293945,50.93000030517578,50.959999084472656,49.17567825317383,4260700,OTIS
50.439998626708984,52.869998931884766,50.18000030517578,52.650001525878906,50.8065071105957,7522700,OTIS
52.45000076293945,54.439998626708984,52.11000061035156,54.08000183105469,52.186439514160156,3073300,OTIS
54.15999984741211,54.75,53.290000915527344,54.150001525878906,52.253990173339844,2638100,OTIS
55.0,55.58000183105469,54.54999923706055,55.470001220703125,53.527774810791016,4134500,OTIS
55.29999923706055,56.65999984741211,54.689998626708984,55.400001525878906,53.46022033691406,3281300,OTIS
57.83000183105469,58.70899963378906,56.0,58.56999969482422,56.519222259521484,4615100,OTIS
58.68000030517578,61.31999969482422,58.36000061035156,61.2599983215332,59.11503219604492,5966500,OTIS
60.400001525878906,61.459999084472656,59.2400016784668,60.650001525878906,58.526397705078125,4610200,OTIS
60.61000061035156,60.959999084472656,59.02000045776367,59.029998779296875,56.96311950683594,2658300,OTIS
56.0,58.06999969482422,55.70500183105469,56.25,54.28045654296875,3293900,OTIS
57.72999954223633,58.97999954223633,55.099998474121094,56.040000915527344,54.077816009521484,4313000,OTIS
54.5099983215332,57.79999923706055,53.83000183105469,57.66999816894531,55.65073776245117,4464300,OTIS
59.5,59.79999923706055,57.375,57.849998474121094,55.82443618774414,3510300,OTIS
58.119998931884766,58.189998626708984,56.459999084472656,56.7400016784668,54.7533073425293,2441500,OTIS
56.439998626708984,57.68000030517578,56.2400016784668,57.4900016784668,55.477046966552734,2137500,OTIS
58.959999084472656,58.959999084472656,55.95000076293945,57.0,55.00419616699219,7096100,OTIS
56.880001068115234,58.18000030517578,56.63999938964844,57.060001373291016,55.06209945678711,2027000,OTIS
57.689998626708984,57.869998931884766,56.59000015258789,56.79999923706055,54.81119918823242,2386900,OTIS
56.150001525878906,56.970001220703125,55.25,55.540000915527344,53.595314025878906,3022000,OTIS
55.04999923706055,56.5,54.7599983215332,56.20000076293945,54.232208251953125,2942900,OTIS
56.22999954223633,56.47999954223633,54.44200134277344,55.790000915527344,53.83656692504883,6634300,OTIS
55.88999938964844,56.79999923706055,55.33000183105469,56.56999969482422,54.589256286621094,2257300,OTIS
55.970001220703125,57.099998474121094,55.5099983215332,56.86000061035156,54.86910629272461,2518100,OTIS
57.0,57.0,55.75,55.779998779296875,53.826908111572266,2400200,OTIS
56.43000030517578,57.2400016784668,55.77000045776367,56.5,54.52170181274414,3162900,OTIS
57.380001068115234,57.58000183105469,56.43000030517578,56.86000061035156,54.86910629272461,1999100,OTIS
56.43000030517578,57.310001373291016,56.119998931884766,56.81999969482422,54.83050537109375,2537900,OTIS
57.029998779296875,57.150001525878906,56.27000045776367,56.91999816894531,54.927001953125,6694900,OTIS
56.86000061035156,57.939998626708984,56.06999969482422,56.11000061035156,54.14535903930664,2424200,OTIS
56.22999954223633,57.310001373291016,56.040000915527344,56.97999954223633,54.984893798828125,2137300,OTIS
56.560001373291016,57.939998626708984,56.46500015258789,56.88999938964844,54.898048400878906,2882500,OTIS
56.220001220703125,57.45000076293945,56.029998779296875,57.369998931884766,55.361244201660156,2755100,OTIS
58.0099983215332,59.0,57.86000061035156,58.20000076293945,56.16217803955078,2358400,OTIS
58.0,58.560001373291016,57.65800094604492,58.31999969482422,56.277984619140625,2628800,OTIS
58.72999954223633,59.029998779296875,58.150001525878906,58.54999923706055,56.49991989135742,2983100,OTIS
58.41999816894531,59.650001525878906,57.9900016784668,58.560001373291016,56.50957107543945,2407800,OTIS
58.380001068115234,58.939998626708984,58.099998474121094,58.439998626708984,56.393775939941406,2314000,OTIS
57.959999084472656,58.93000030517578,57.68000030517578,58.47999954223633,56.432376861572266,2034300,OTIS
58.5,59.46799850463867,58.34000015258789,59.060001373291016,56.992069244384766,2566500,OTIS
59.18000030517578,59.19499969482422,57.630001068115234,58.130001068115234,56.09463119506836,3142100,OTIS
57.86000061035156,58.439998626708984,57.599998474121094,58.31999969482422,56.277984619140625,2670300,OTIS
59.81999969482422,61.83000183105469,59.70000076293945,60.279998779296875,58.169349670410156,4473600,OTIS
60.959999084472656,64.36000061035156,60.959999084472656,64.30000305175781,62.04860305786133,4885400,OTIS
63.439998626708984,64.5199966430664,63.150001525878906,63.38999938964844,61.17045593261719,2307000,OTIS
63.439998626708984,63.439998626708984,62.18000030517578,62.7400016784668,60.54322052001953,3156100,OTIS
63.02000045776367,63.81999969482422,62.7400016784668,63.209999084472656,60.99675369262695,3200500,OTIS
62.58000183105469,62.900001525878906,61.970001220703125,62.61000061035156,60.41777038574219,1739400,OTIS
62.7400016784668,63.650001525878906,62.34000015258789,63.09000015258789,60.88096237182617,2645000,OTIS
62.88999938964844,63.52000045776367,62.8650016784668,63.47999954223633,61.25730514526367,1557400,OTIS
63.15999984741211,64.47000122070312,63.15999984741211,64.41000366210938,62.15475082397461,1169100,OTIS
64.29000091552734,65.30000305175781,64.29000091552734,65.20999908447266,62.92672348022461,1572700,OTIS
65.5199966430664,65.94999694824219,64.33000183105469,64.37000274658203,62.11614227294922,2787700,OTIS
64.97000122070312,65.47000122070312,64.22000122070312,64.9000015258789,62.627601623535156,1496600,OTIS
64.95999908447266,64.95999908447266,63.83000183105469,64.0,61.759098052978516,1436200,OTIS
63.709999084472656,64.51000213623047,63.599998474121094,64.06999969482422,61.8266487121582,1633900,OTIS
64.45999908447266,64.52999877929688,63.709999084472656,63.959999084472656,61.72050094604492,1785500,OTIS
63.849998474121094,64.4000015258789,63.375,63.45000076293945,61.22835922241211,1680200,OTIS
63.47999954223633,63.59000015258789,62.59000015258789,62.91999816894531,60.716915130615234,1549000,OTIS
62.15999984741211,63.25,61.810001373291016,62.970001220703125,60.95893478393555,1291500,OTIS
63.029998779296875,63.7400016784668,62.59000015258789,63.630001068115234,61.59785461425781,2649500,OTIS
63.61000061035156,64.2300033569336,63.040000915527344,63.79999923706055,61.76242446899414,3199900,OTIS
64.41000366210938,64.80999755859375,63.904998779296875,64.29000091552734,62.236778259277344,1604100,OTIS
64.27999877929688,64.79000091552734,63.74800109863281,64.18000030517578,62.13028335571289,1161900,OTIS
64.47000122070312,64.90499877929688,63.16999816894531,63.22999954223633,61.21062469482422,1341700,OTIS
63.27000045776367,63.630001068115234,62.650001525878906,63.59000015258789,61.55913162231445,1129900,OTIS
63.61000061035156,63.84000015258789,62.84000015258789,62.900001525878906,60.89117431640625,1736400,OTIS
62.52000045776367,64.27999877929688,62.32500076293945,64.05000305175781,62.00444412231445,2334100,OTIS
63.72999954223633,65.55999755859375,63.650001525878906,65.33999633789062,63.253238677978516,1827200,OTIS
64.87999725341797,65.44999694824219,61.060001373291016,61.849998474121094,59.87470245361328,3096800,OTIS
62.5,62.599998474121094,60.43000030517578,61.4900016784668,59.52619552612305,2697000,OTIS
61.43000030517578,61.75,60.459999084472656,60.630001068115234,58.69365692138672,2137900,OTIS
61.029998779296875,62.529998779296875,61.0,62.08000183105469,60.09735870361328,1888500,OTIS
61.97999954223633,61.97999954223633,59.72999954223633,59.900001525878906,57.98698425292969,3828900,OTIS
60.2599983215332,60.709999084472656,59.775001525878906,60.13999938964844,58.21931076049805,2273400,OTIS
60.56999969482422,60.56999969482422,59.06700134277344,59.9900016784668,58.074100494384766,2420100,OTIS
60.029998779296875,61.619998931884766,60.029998779296875,60.29999923706055,58.37419891357422,1629400,OTIS
60.86000061035156,61.0099983215332,59.400001525878906,59.790000915527344,57.88048553466797,2457000,OTIS
58.75,61.09000015258789,58.040000915527344,61.040000915527344,59.090572357177734,2219900,OTIS
61.15999984741211,62.63999938964844,60.38999938964844,60.880001068115234,58.9356803894043,3806500,OTIS
60.0,60.220001220703125,58.66999816894531,59.40999984741211,57.51262664794922,2512100,OTIS
58.939998626708984,61.119998931884766,58.86000061035156,60.9900016784668,59.04216766357422,1841500,OTIS
60.77000045776367,61.77000045776367,60.20000076293945,60.40999984741211,58.480690002441406,1733700,OTIS
60.849998474121094,62.75,60.459999084472656,62.08000183105469,60.09735870361328,2374800,OTIS
61.61000061035156,62.349998474121094,61.189998626708984,61.54999923706055,59.58427810668945,1557600,OTIS
62.27000045776367,62.880001068115234,61.900001525878906,62.5099983215332,60.51362228393555,1233900,OTIS
62.41999816894531,62.7599983215332,61.880001068115234,62.40999984741211,60.416812896728516,1435400,OTIS
62.709999084472656,63.599998474121094,61.95000076293945,62.41999816894531,60.42649459838867,2494000,OTIS
62.869998931884766,64.22000122070312,61.7599983215332,62.369998931884766,60.37809371948242,2342500,OTIS
61.619998931884766,63.439998626708984,61.5099983215332,63.15999984741211,61.142860412597656,1447800,OTIS
63.7400016784668,64.62999725341797,63.23500061035156,64.54000091552734,62.47879409790039,1447700,OTIS
64.43000030517578,65.0,63.48500061035156,63.83000183105469,61.791473388671875,2107000,OTIS
64.62999725341797,65.62000274658203,64.375,65.05000305175781,62.97251510620117,1648100,OTIS
64.79000091552734,65.51000213623047,64.4800033569336,64.70999908447266,62.64335632324219,1213200,OTIS
65.0199966430664,65.66999816894531,64.30000305175781,65.3499984741211,63.26292037963867,1187000,OTIS
65.8499984741211,65.98500061035156,65.16999816894531,65.69000244140625,63.592063903808594,1185800,OTIS
65.16000366210938,65.80000305175781,64.61599731445312,65.12999725341797,63.0499382019043,1415900,OTIS
65.5,66.0,64.52999877929688,65.61000061035156,63.51462173461914,1633600,OTIS
64.66999816894531,65.43499755859375,64.01000213623047,65.19999694824219,63.117706298828125,982100,OTIS
65.30000305175781,65.80999755859375,64.80999755859375,65.02999877929688,62.9531364440918,1047500,OTIS
64.9000015258789,65.44000244140625,64.08000183105469,64.36000061035156,62.304542541503906,910500,OTIS
64.68000030517578,65.73999786376953,64.33999633789062,64.38999938964844,62.333580017089844,720000,OTIS
64.25,64.83000183105469,63.709999084472656,63.720001220703125,61.68497085571289,1082600,OTIS
63.9900016784668,63.9900016784668,62.97999954223633,63.2400016784668,61.220306396484375,4980300,OTIS
63.470001220703125,64.0199966430664,63.119998931884766,63.45000076293945,61.42360305786133,2308600,OTIS
63.84000015258789,63.88999938964844,61.369998931884766,63.209999084472656,61.19126892089844,3026000,OTIS
62.90999984741211,63.2400016784668,61.86000061035156,61.970001220703125,59.990867614746094,1973200,OTIS
61.0099983215332,61.2599983215332,58.77000045776367,58.9900016784668,57.10603713989258,2570900,OTIS
58.88999938964844,61.189998626708984,58.79999923706055,60.790000915527344,58.84855651855469,2122600,OTIS
60.349998474121094,61.29999923706055,59.79999923706055,61.279998779296875,59.32290267944336,2036100,OTIS
62.189998626708984,62.77000045776367,61.09000015258789,62.13999938964844,60.15544128417969,1819100,OTIS
62.93000030517578,63.849998474121094,62.08000183105469,62.709999084472656,60.70723342895508,1545600,OTIS
62.68000030517578,63.64500045776367,61.95000076293945,62.29999923706055,60.310325622558594,2042700,OTIS
63.31999969482422,63.95000076293945,62.59000015258789,62.630001068115234,60.62978744506836,1495700,OTIS
62.970001220703125,63.810001373291016,62.66999816894531,63.58000183105469,61.549442291259766,1145800,OTIS
67.0,67.29000091552734,63.43000030517578,63.5,61.47200012207031,2420100,OTIS
63.380001068115234,65.91799926757812,63.31999969482422,65.73999786376953,63.64046859741211,2174600,OTIS
65.86000061035156,66.33000183105469,64.73999786376953,66.12000274658203,64.00833129882812,1319500,OTIS
66.18000030517578,66.45999908447266,65.41999816894531,65.98999786376953,63.882469177246094,1774700,OTIS
66.23999786376953,66.73999786376953,65.2300033569336,65.56999969482422,63.47589111328125,1438500,OTIS
66.22000122070312,67.63999938964844,65.68000030517578,67.38999938964844,65.2377700805664,2338900,OTIS
67.16000366210938,67.94999694824219,66.30500030517578,67.19999694824219,65.05382537841797,1465000,OTIS
67.30999755859375,67.9800033569336,66.51000213623047,66.62999725341797,64.50203704833984,2182800,OTIS
66.62999725341797,67.19000244140625,65.5999984741211,66.16000366210938,64.23988342285156,1809900,OTIS
66.08999633789062,66.73999786376953,66.0,66.31999969482422,64.39522552490234,1811200,OTIS
66.63999938964844,67.52999877929688,66.55000305175781,67.25,65.29823303222656,1885500,OTIS
68.04000091552734,68.04000091552734,66.87999725341797,67.4000015258789,65.44389343261719,4738800,OTIS
67.44000244140625,67.47000122070312,66.41999816894531,67.37999725341797,65.42445373535156,1125400,OTIS
67.55000305175781,68.20999908447266,66.9000015258789,67.33999633789062,65.38561248779297,1645000,OTIS
66.83999633789062,67.69999694824219,66.37999725341797,66.94000244140625,64.99724578857422,1831000,OTIS
67.41999816894531,68.16000366210938,66.7699966430664,66.83000183105469,64.89042663574219,2928100,OTIS
66.91999816894531,67.2699966430664,65.55999755859375,65.69000244140625,63.78351974487305,1379600,OTIS
65.7699966430664,66.8499984741211,65.36000061035156,65.48999786376953,63.589317321777344,1061900,OTIS
65.6500015258789,66.04299926757812,64.87999725341797,65.16000366210938,63.268898010253906,2054300,OTIS
64.9800033569336,65.30999755859375,64.01000213623047,64.8499984741211,62.96788787841797,1917600,OTIS
64.77999877929688,66.1500015258789,64.68000030517578,66.11000061035156,64.19133758544922,2641500,OTIS
65.75,66.20999908447266,65.19000244140625,65.48999786376953,63.589317321777344,1668600,OTIS
65.20999908447266,66.13999938964844,63.849998474121094,64.0,62.14256286621094,2056600,OTIS
63.33000183105469,63.880001068115234,62.95000076293945,63.72999954223633,61.880393981933594,2023900,OTIS
64.48999786376953,64.48999786376953,62.52000045776367,62.779998779296875,60.957969665527344,1377800,OTIS
63.11000061035156,65.58999633789062,62.959999084472656,64.7300033569336,62.851375579833984,2041100,OTIS
64.93000030517578,65.33000183105469,64.33999633789062,65.23999786376953,63.34657669067383,1760600,OTIS
65.75,66.31999969482422,65.5,65.79000091552734,63.880619049072266,1873700,OTIS
65.98999786376953,66.19999694824219,64.54000091552734,65.61000061035156,63.70584487915039,4028700,OTIS
64.94000244140625,66.4800033569336,64.5999984741211,66.1500015258789,64.23017120361328,2201300,OTIS
65.83999633789062,65.98999786376953,65.09500122070312,65.41000366210938,63.51164627075195,1151500,OTIS
65.48999786376953,66.23999786376953,65.30000305175781,65.62999725341797,63.72525405883789,972500,OTIS
65.44999694824219,65.9800033569336,65.29000091552734,65.79000091552734,63.880619049072266,992100,OTIS
66.18000030517578,66.5999984741211,65.54000091552734,66.0,64.08451843261719,786400,OTIS
66.30999755859375,66.5999984741211,65.12999725341797,65.69000244140625,63.78351974487305,1008400,OTIS
65.79000091552734,66.83000183105469,65.79000091552734,66.72000122070312,64.78363037109375,1082200,OTIS
66.86000061035156,67.69000244140625,66.56999969482422,67.55000305175781,65.58954620361328,1238200,OTIS
67.55000305175781,68.0199966430664,65.55000305175781,65.58999633789062,63.68641662597656,2569600,OTIS
65.81999969482422,66.41999816894531,64.75900268554688,65.0999984741211,63.21064376831055,1366100,OTIS
65.81999969482422,67.33000183105469,65.25,66.91000366210938,64.9681167602539,1596000,OTIS
67.30000305175781,67.95500183105469,66.84500122070312,67.77999877929688,65.81285095214844,1542500,OTIS
67.47000122070312,67.97000122070312,65.8499984741211,66.83000183105469,64.89042663574219,1914000,OTIS
66.22000122070312,66.79000091552734,65.80999755859375,66.36000061035156,64.43406677246094,1506200,OTIS
66.2699966430664,66.80000305175781,65.06999969482422,65.2300033569336,63.33687210083008,1722000,OTIS
65.19000244140625,65.53500366210938,63.849998474121094,63.970001220703125,62.113441467285156,3172600,OTIS
64.19999694824219,65.37000274658203,63.79999923706055,64.94000244140625,63.05529022216797,3088300,OTIS
64.80999755859375,65.69000244140625,63.5099983215332,65.52999877929688,63.628150939941406,1841100,OTIS
66.0,66.44999694824219,64.91999816894531,65.37000274658203,63.472808837890625,2489200,OTIS
65.80000305175781,66.5,64.88999938964844,65.19000244140625,63.29803466796875,1737200,OTIS
65.23999786376953,65.23999786376953,63.45000076293945,63.52000045776367,61.67649841308594,3945600,OTIS
63.52000045776367,65.20999908447266,63.20000076293945,64.87999725341797,62.99702453613281,3546500,OTIS
64.0,64.61000061035156,62.0,64.22000122070312,62.35618209838867,4500200,OTIS
64.5999984741211,65.08999633789062,62.27000045776367,63.5099983215332,61.66678237915039,2742100,OTIS
62.68000030517578,63.0099983215332,61.279998779296875,62.2400016784668,60.43364334106445,3241300,OTIS
62.599998474121094,64.81999969482422,62.33000183105469,63.83000183105469,61.97750473022461,3235000,OTIS
65.11000061035156,65.98999786376953,63.45000076293945,64.6500015258789,62.77369689941406,10353200,OTIS
65.98999786376953,66.01000213623047,63.0,64.55000305175781,62.67660140991211,3731500,OTIS
65.05000305175781,66.77999877929688,64.5,64.63999938964844,62.76399230957031,4327800,OTIS
64.63999938964844,64.87000274658203,62.95000076293945,64.05000305175781,62.19111633300781,3542100,OTIS
63.88999938964844,64.12999725341797,63.0,63.290000915527344,61.45317077636719,2303900,OTIS
62.7400016784668,64.19999694824219,62.630001068115234,63.93000030517578,62.07460021972656,3697900,OTIS
63.75,64.52999877929688,63.150001525878906,63.72999954223633,61.880393981933594,1787100,OTIS
63.540000915527344,64.59300231933594,63.209999084472656,64.36000061035156,62.49211883544922,2819100,OTIS
64.94000244140625,65.9000015258789,64.5999984741211,65.30999755859375,63.41454315185547,1934100,OTIS
65.04000091552734,65.20600128173828,62.8849983215332,63.43000030517578,61.778297424316406,4298900,OTIS
62.88999938964844,64.54000091552734,62.88999938964844,63.93000030517578,62.26527404785156,2021600,OTIS
64.30999755859375,64.33999633789062,62.58000183105469,63.189998626708984,61.54453659057617,3228400,OTIS
63.310001373291016,63.369998931884766,62.61899948120117,62.689998626708984,61.05756378173828,2178600,OTIS
62.459999084472656,63.58000183105469,62.310001373291016,63.060001373291016,61.41792678833008,2258400,OTIS
63.31999969482422,63.45500183105469,62.939998626708984,63.040000915527344,61.3984489440918,3852700,OTIS
62.849998474121094,63.595001220703125,62.52000045776367,63.22999954223633,61.58349609375,2560000,OTIS
62.84000015258789,63.56999969482422,62.560001373291016,63.22999954223633,61.58349609375,2571200,OTIS
63.09000015258789,64.41000366210938,63.029998779296875,64.3499984741211,62.67433166503906,2257300,OTIS
64.27999877929688,64.91000366210938,64.01000213623047,64.45999908447266,62.78146743774414,2431700,OTIS
64.88999938964844,64.88999938964844,63.59000015258789,63.709999084472656,62.05099868774414,3278300,OTIS
64.12000274658203,65.75,64.06999969482422,64.93000030517578,63.239234924316406,1896000,OTIS
64.7300033569336,65.84500122070312,64.33000183105469,65.41000366210938,63.70673751831055,2657500,OTIS
65.51000213623047,67.6500015258789,65.06999969482422,67.0,65.25534057617188,3210800,OTIS
66.83000183105469,66.9000015258789,63.34000015258789,63.95000076293945,62.284751892089844,3634400,OTIS
64.5199966430664,65.11000061035156,62.7599983215332,64.87000274658203,63.180789947509766,2168000,OTIS
64.97000122070312,66.33000183105469,64.58999633789062,65.22000122070312,63.52167892456055,1636700,OTIS
65.69000244140625,66.6500015258789,64.91999816894531,64.93000030517578,63.239234924316406,2547300,OTIS
64.66999816894531,66.49500274658203,64.61000061035156,66.25,64.52487182617188,1814900,OTIS
66.0999984741211,67.63999938964844,65.88999938964844,67.30000305175781,65.54751586914062,2214700,OTIS
67.6500015258789,67.6500015258789,65.98999786376953,66.0,64.28136444091797,1938200,OTIS
65.94000244140625,66.63999938964844,65.51499938964844,66.61000061035156,64.87548065185547,1495700,OTIS
67.12000274658203,67.97000122070312,66.58000183105469,67.69999694824219,65.93709564208984,2371800,OTIS
67.98999786376953,68.6500015258789,67.36000061035156,68.58000183105469,66.794189453125,1729500,OTIS
68.1500015258789,68.63999938964844,67.45999908447266,68.1500015258789,66.3753890991211,2752800,OTIS
67.88999938964844,67.88999938964844,66.5199966430664,66.86000061035156,65.11898040771484,3149000,OTIS
66.80999755859375,66.94000244140625,65.63999938964844,66.81999969482422,65.08001708984375,1391500,OTIS
66.41999816894531,67.70999908447266,66.19999694824219,66.95999908447266,65.21636962890625,1364500,OTIS
66.87999725341797,67.95999908447266,66.87999725341797,67.16999816894531,65.42090606689453,1378000,OTIS
67.41000366210938,68.13999938964844,66.76000213623047,67.86000061035156,66.09294891357422,1738900,OTIS
68.16000366210938,69.37999725341797,67.62000274658203,69.04000091552734,67.2422103881836,1989400,OTIS
69.83000183105469,70.66999816894531,69.5,69.91000366210938,68.08955383300781,2038300,OTIS
70.06999969482422,70.48999786376953,69.41999816894531,69.73999786376953,67.92398834228516,2604800,OTIS
70.0199966430664,70.0199966430664,68.2699966430664,68.44999694824219,66.66757202148438,3783100,OTIS
68.88999938964844,69.63999938964844,68.31999969482422,69.26000213623047,67.45648956298828,1579200,OTIS
69.08000183105469,69.69999694824219,68.91999816894531,69.2300033569336,67.42727661132812,1126600,OTIS
69.5,70.46499633789062,68.88999938964844,69.72000122070312,67.90450286865234,1972800,OTIS
69.86000061035156,70.2699966430664,69.41000366210938,69.62999725341797,67.81684112548828,7225700,OTIS
69.48999786376953,69.6449966430664,68.91999816894531,69.41000366210938,67.60257720947266,1881700,OTIS
69.68000030517578,70.94999694824219,69.44999694824219,70.75,68.90767669677734,3557700,OTIS
70.62000274658203,71.1050033569336,70.31999969482422,70.6500015258789,68.8102798461914,1986000,OTIS
70.44999694824219,71.23500061035156,70.19200134277344,71.12000274658203,69.26805114746094,1513400,OTIS
71.0,71.07499694824219,70.05999755859375,70.4000015258789,68.5667953491211,3099700,OTIS
70.63999938964844,71.23999786376953,70.11000061035156,70.97000122070312,69.1219482421875,1495600,OTIS
71.41000366210938,71.41000366210938,69.8499984741211,70.58000183105469,68.74210357666016,2548500,OTIS
70.70999908447266,71.38500213623047,70.3499984741211,71.02999877929688,69.1803970336914,2641300,OTIS
71.63999938964844,71.69000244140625,70.33000183105469,70.47000122070312,68.63497161865234,3682300,OTIS
70.44999694824219,71.08000183105469,69.83000183105469,71.04000091552734,69.19013214111328,3080300,OTIS
71.2300033569336,71.75,70.61000061035156,70.94999694824219,69.10246276855469,2415600,OTIS
71.06999969482422,71.9800033569336,70.73999786376953,71.27999877929688,69.42388916015625,2574700,OTIS
76.44000244140625,76.87999725341797,74.55000305175781,76.2699966430664,74.283935546875,6077800,OTIS
76.5,79.26000213623047,76.12000274658203,79.0,76.94285583496094,6143800,OTIS
79.18000030517578,79.5,77.98999786376953,78.0,75.9688949584961,3492300,OTIS
78.0199966430664,79.12000274658203,78.0199966430664,78.69000244140625,76.64091491699219,2492200,OTIS
78.25,78.66999816894531,77.55000305175781,77.87000274658203,75.84227752685547,3659500,OTIS
78.48999786376953,79.0999984741211,77.91000366210938,78.4000015258789,76.35846710205078,2739900,OTIS
78.37999725341797,79.55999755859375,78.37999725341797,78.72000122070312,76.67012786865234,3402100,OTIS
78.88999938964844,79.23999786376953,77.76000213623047,78.05999755859375,76.02733612060547,2075500,OTIS
78.43000030517578,78.87899780273438,77.69999694824219,78.36000061035156,76.31951904296875,2983500,OTIS
78.08000183105469,78.94999694824219,77.91000366210938,78.19000244140625,76.1539535522461,2780700,OTIS
78.66999816894531,79.0999984741211,78.02999877929688,78.25,76.21237182617188,4867400,OTIS
77.79000091552734,78.11000061035156,76.8499984741211,77.62000274658203,75.59879302978516,2939200,OTIS
77.76000213623047,77.95999908447266,76.11000061035156,76.12999725341797,74.14757537841797,2392700,OTIS
75.98999786376953,77.5250015258789,75.81999969482422,77.1500015258789,75.14102935791016,2658300,OTIS
77.6500015258789,79.44000244140625,77.41000366210938,78.87999725341797,76.82597351074219,3255300,OTIS
78.7300033569336,79.18000030517578,78.0999984741211,79.01000213623047,76.95259094238281,2234000,OTIS
79.55000305175781,79.69000244140625,78.56999969482422,78.5999984741211,76.55326843261719,2941000,OTIS
77.94000244140625,78.0,77.02999877929688,77.47000122070312,75.45267486572266,5465700,OTIS
77.12000274658203,77.86000061035156,76.86000061035156,77.36000061035156,75.57969665527344,6751500,OTIS
77.62000274658203,78.30000305175781,77.27999877929688,77.56999969482422,75.78486633300781,2245000,OTIS
77.5999984741211,78.33000183105469,77.20999908447266,78.12999725341797,76.33198547363281,1547500,OTIS
78.27999877929688,78.61000061035156,77.66000366210938,77.69000244140625,75.90211486816406,2288600,OTIS
77.7699966430664,78.2300033569336,77.55000305175781,77.7699966430664,75.98025512695312,1890100,OTIS
78.1500015258789,79.08999633789062,77.69000244140625,78.70999908447266,76.89862060546875,2818900,OTIS
78.4800033569336,78.70999908447266,77.83000183105469,78.33000183105469,76.52738189697266,1915000,OTIS
79.16999816894531,79.83000183105469,78.2750015258789,78.41000366210938,76.60553741455078,2207600,OTIS
78.41999816894531,78.76000213623047,77.7699966430664,78.2699966430664,76.46875762939453,1898600,OTIS
78.25,79.43000030517578,77.66999816894531,79.13999938964844,77.31873321533203,1949900,OTIS
79.25,79.91999816894531,79.22000122070312,79.87000274658203,78.03193664550781,1644000,OTIS
80.4000015258789,80.80500030517578,79.47000122070312,79.61000061035156,77.77791595458984,1723600,OTIS
79.76000213623047,80.94999694824219,79.375,80.8499984741211,78.9893798828125,2647600,OTIS
80.79000091552734,81.18000030517578,80.33000183105469,80.75,78.89168548583984,1947300,OTIS
81.05000305175781,81.55999755859375,79.79000091552734,80.41999816894531,78.56927490234375,1753200,OTIS
80.8499984741211,80.98999786376953,79.69999694824219,80.54000091552734,78.68650817871094,1527800,OTIS
80.56999969482422,80.80000305175781,80.12999725341797,80.80000305175781,78.94054412841797,1232700,OTIS
80.97000122070312,81.2699966430664,80.4229965209961,80.98999786376953,79.12615966796875,1341500,OTIS
81.01000213623047,81.30999755859375,80.29000091552734,80.62999725341797,78.77444458007812,2578100,OTIS
80.91999816894531,81.19000244140625,79.44499969482422,80.47000122070312,78.61812591552734,3734700,OTIS
79.76000213623047,80.16999816894531,78.92500305175781,79.5,77.67044830322266,4490800,OTIS
80.08999633789062,81.0999984741211,79.66999816894531,81.04000091552734,79.17501068115234,2582700,OTIS
81.04000091552734,81.80999755859375,80.75,81.37000274658203,79.4974136352539,1757800,OTIS
81.63999938964844,81.66000366210938,80.73999786376953,80.81999969482422,78.96007537841797,1276400,OTIS
80.88999938964844,81.69999694824219,80.69000244140625,81.37000274658203,79.4974136352539,1679100,OTIS
81.51000213623047,81.91000366210938,81.27999877929688,81.6500015258789,79.77096557617188,2532100,OTIS
81.5999984741211,81.75,80.73999786376953,81.66000366210938,79.78075408935547,1940000,OTIS
81.69000244140625,82.47000122070312,81.58000183105469,82.08000183105469,80.19107055664062,1844000,OTIS
81.8499984741211,82.41000366210938,81.2300033569336,81.7699966430664,79.8882064819336,1981700,OTIS
82.19000244140625,82.38999938964844,81.69999694824219,82.08000183105469,80.19107055664062,1576100,OTIS
82.19000244140625,82.94000244140625,81.8499984741211,82.66000366210938,80.75773620605469,1113100,OTIS
82.2699966430664,82.56999969482422,81.69999694824219,82.25,80.3571548461914,1570300,OTIS
82.86000061035156,84.6500015258789,82.31999969482422,84.08000183105469,82.14505767822266,1645300,OTIS
82.91999816894531,83.93000030517578,82.45999908447266,83.08999633789062,81.17782592773438,1478100,OTIS
83.83999633789062,84.01000213623047,83.2300033569336,83.81999969482422,81.89103698730469,1073300,OTIS
83.47000122070312,83.88999938964844,83.23999786376953,83.81999969482422,81.89103698730469,1506700,OTIS
84.01000213623047,84.38999938964844,83.30000305175781,83.52999877929688,81.60770416259766,1683000,OTIS
83.4000015258789,84.98200225830078,83.4000015258789,84.77999877929688,82.82892608642578,1772100,OTIS
84.5,85.41999816894531,84.5,85.2300033569336,83.26859283447266,1769100,OTIS
85.06999969482422,85.55000305175781,84.87000274658203,84.91999816894531,82.9657211303711,1654800,OTIS
84.30999755859375,84.41000366210938,83.0199966430664,84.05999755859375,82.1255111694336,2534100,OTIS
84.44999694824219,86.29000091552734,84.13999938964844,86.0999984741211,84.11857604980469,1839200,OTIS
86.25,86.91000366210938,86.14800262451172,86.80999755859375,84.81221771240234,1447700,OTIS
87.0,87.6500015258789,86.62000274658203,87.33000183105469,85.32025146484375,2123200,OTIS
88.08000183105469,88.81800079345703,87.6500015258789,88.5199966430664,86.48287963867188,1648700,OTIS
89.94000244140625,90.19999694824219,86.8499984741211,89.05999755859375,87.01044464111328,3098600,OTIS
89.0250015258789,89.15599822998047,87.5199966430664,88.22000122070312,86.18978118896484,1701900,OTIS
88.0199966430664,88.44000244140625,87.2699966430664,87.93000030517578,85.90644073486328,1670200,OTIS
88.3499984741211,88.94000244140625,87.87000274658203,88.87000274658203,86.82481384277344,2009900,OTIS
88.83999633789062,89.79000091552734,88.69000244140625,89.55000305175781,87.48916625976562,1545200,OTIS
89.68000030517578,90.66999816894531,89.68000030517578,89.93000030517578,87.86041259765625,1441000,OTIS
90.11000061035156,91.81999969482422,90.0999984741211,91.27999877929688,89.17935943603516,1683700,OTIS
91.0,91.66999816894531,90.56999969482422,90.80000305175781,88.71040344238281,1214800,OTIS
91.1500015258789,91.41000366210938,90.02999877929688,90.7300033569336,88.64201354980469,1547000,OTIS
91.02999877929688,91.31999969482422,89.95999908447266,90.13999938964844,88.06560516357422,1938600,OTIS
89.81999969482422,90.05999755859375,88.94000244140625,89.7300033569336,87.66502380371094,1867200,OTIS
89.88999938964844,90.55999755859375,89.38999938964844,89.87000274658203,87.80181121826172,1269500,OTIS
89.91000366210938,90.54000091552734,89.80999755859375,90.43000030517578,88.34892272949219,1539600,OTIS
90.43000030517578,90.43000030517578,89.55999755859375,90.19999694824219,88.12420654296875,1344100,OTIS
90.26000213623047,91.02999877929688,90.0999984741211,90.66000366210938,88.5736312866211,2823900,OTIS
90.75,92.0999984741211,90.45999908447266,91.9000015258789,89.78509521484375,2660100,OTIS
91.43000030517578,91.75,90.16999816894531,90.73999786376953,88.65177154541016,1821700,OTIS
90.47000122070312,91.72000122070312,90.30000305175781,90.5,88.41730499267578,2377400,OTIS
89.56999969482422,90.88999938964844,89.30999755859375,90.19999694824219,88.35852813720703,1343500,OTIS
89.83000183105469,90.41000366210938,89.47000122070312,90.0199966430664,88.18220520019531,3291500,OTIS
90.54000091552734,90.98999786376953,89.86000061035156,89.91999816894531,88.08424377441406,2037500,OTIS
89.86000061035156,90.76000213623047,89.65499877929688,90.37000274658203,88.52506256103516,2585500,OTIS
90.7699966430664,91.47000122070312,90.62000274658203,91.12999725341797,89.26954650878906,2034500,OTIS
90.91999816894531,92.0,90.91000366210938,91.80999755859375,89.93565368652344,1527800,OTIS
92.11000061035156,92.67900085449219,91.76000213623047,92.01000213623047,90.13157653808594,1195500,OTIS
92.01000213623047,92.83999633789062,91.7750015258789,92.37000274658203,90.4842300415039,867900,OTIS
92.37000274658203,92.6449966430664,91.86000061035156,92.22000122070312,90.33728790283203,2124700,OTIS
92.19000244140625,92.19999694824219,90.95500183105469,91.5,89.63198852539062,1711600,OTIS
91.9000015258789,92.45999908447266,91.6500015258789,92.05999755859375,90.18055725097656,1547000,OTIS
91.88999938964844,92.45500183105469,91.58000183105469,91.81999969482422,89.9454574584961,1313400,OTIS
91.56999969482422,91.56999969482422,89.26000213623047,89.37999725341797,87.5552749633789,2056300,OTIS
89.12999725341797,91.05999755859375,89.04199981689453,90.72000122070312,88.86791229248047,2312400,OTIS
90.83999633789062,91.26000213623047,90.12000274658203,90.4800033569336,88.63282012939453,1610300,OTIS
91.02999877929688,91.23999786376953,90.19999694824219,90.55000305175781,88.70138549804688,1494900,OTIS
91.33000183105469,91.70999908447266,89.40499877929688,89.94999694824219,88.1136245727539,2013200,OTIS
90.20999908447266,90.83000183105469,89.26499938964844,90.36000061035156,88.51526641845703,2113700,OTIS
90.58000183105469,90.58000183105469,89.45999908447266,90.3499984741211,88.50546264648438,2868600,OTIS
90.3499984741211,90.3499984741211,87.625,88.19999694824219,86.39936065673828,3171200,OTIS
87.26000213623047,87.44999694824219,84.88999938964844,85.0199966430664,83.28428649902344,11037500,OTIS
84.0,84.4000015258789,82.2699966430664,83.18000030517578,81.48184967041016,4458100,OTIS
83.31999969482422,84.12000274658203,81.93000030517578,82.0,80.32594299316406,4208800,OTIS
83.86000061035156,85.55000305175781,83.12000274658203,84.29000091552734,82.5691909790039,3488600,OTIS
84.52999877929688,86.80999755859375,84.02999877929688,85.73999786376953,83.98957824707031,4250200,OTIS
85.41999816894531,86.1449966430664,84.55999755859375,84.86000061035156,83.12754821777344,1874200,OTIS
84.55000305175781,85.13500213623047,84.05000305175781,84.2300033569336,82.51041412353516,1614400,OTIS
83.56999969482422,84.15599822998047,82.72000122070312,83.70999908447266,82.00102233886719,2440600,OTIS
83.9000015258789,84.38999938964844,83.11000061035156,83.31999969482422,81.6189956665039,1784600,OTIS
83.87999725341797,84.08000183105469,82.2699966430664,82.27999877929688,80.6002197265625,2354800,OTIS
82.66000366210938,83.0,81.05000305175781,82.5,80.81573486328125,2530400,OTIS
82.11000061035156,83.125,81.58000183105469,81.91000366210938,80.23777770996094,2474600,OTIS
82.27999877929688,83.74500274658203,81.8499984741211,83.36000061035156,81.65817260742188,2080900,OTIS
82.79000091552734,83.5,81.20999908447266,82.87000274658203,81.17818450927734,1916800,OTIS
83.94000244140625,85.11000061035156,83.77999877929688,84.37999725341797,82.65734100341797,2487900,OTIS
83.91000366210938,84.38500213623047,82.6500015258789,83.44999694824219,81.74633026123047,1942600,OTIS
83.2300033569336,83.5,81.55999755859375,81.62000274658203,79.95369720458984,2134100,OTIS
81.80999755859375,82.18499755859375,81.27999877929688,81.94000244140625,80.26715850830078,2368900,OTIS
82.23999786376953,82.29000091552734,81.08000183105469,81.27999877929688,79.62063598632812,1519300,OTIS
81.95999908447266,83.48999786376953,81.94999694824219,83.41000366210938,81.70716857910156,2166500,OTIS
83.91999816894531,84.69000244140625,83.48999786376953,84.0999984741211,82.38306427001953,1681400,OTIS
83.66000366210938,83.86900329589844,82.9729995727539,83.31999969482422,81.6189956665039,1452300,OTIS
84.0,84.73999786376953,83.7699966430664,84.41999816894531,82.696533203125,1388000,OTIS
84.62999725341797,86.45999908447266,84.2300033569336,85.45999908447266,83.71530151367188,2339900,OTIS
84.18000030517578,85.38999938964844,83.48999786376953,85.3499984741211,83.60753631591797,1917700,OTIS
85.86000061035156,86.70999908447266,85.41000366210938,85.62999725341797,83.88182067871094,2678500,OTIS
81.08999633789062,83.94999694824219,81.08999633789062,81.86000061035156,80.18878936767578,3623700,OTIS
82.33499908447266,82.5999984741211,79.76000213623047,80.2699966430664,78.6312484741211,3657600,OTIS
80.66999816894531,80.83000183105469,79.48999786376953,79.72000122070312,78.09248352050781,2896600,OTIS
79.5999984741211,80.16000366210938,78.5999984741211,79.91999816894531,78.28840637207031,2435300,OTIS
79.55999755859375,81.4800033569336,79.54000091552734,80.30999755859375,78.6704330444336,2870500,OTIS
80.45999908447266,81.16000366210938,80.12999725341797,80.91999816894531,79.26799011230469,1846100,OTIS
81.33000183105469,81.44999694824219,80.1500015258789,81.11000061035156,79.4541015625,1465500,OTIS
81.27999877929688,81.81999969482422,79.61499786376953,80.61000061035156,78.96431732177734,2306700,OTIS
80.94000244140625,81.86000061035156,80.79000091552734,81.83999633789062,80.16920471191406,1943200,OTIS
82.12999725341797,82.70999908447266,81.55999755859375,81.70999908447266,80.04185485839844,1500900,OTIS
82.11000061035156,82.38899993896484,81.39299774169922,82.23999786376953,80.56103515625,2422400,OTIS
82.4000015258789,83.66999816894531,82.06999969482422,83.54000091552734,81.83450317382812,3078900,OTIS
83.94999694824219,84.44999694824219,83.19000244140625,83.36000061035156,81.65817260742188,2986300,OTIS
83.44999694824219,83.69999694824219,82.7699966430664,83.4000015258789,81.69734954833984,1743500,OTIS
83.94000244140625,85.6500015258789,83.30999755859375,85.62999725341797,83.88182067871094,1737600,OTIS
85.5,85.58999633789062,83.93699645996094,84.16000366210938,82.44184875488281,1319100,OTIS
84.55999755859375,84.98999786376953,84.22000122070312,84.5199966430664,82.79448699951172,1532800,OTIS
84.36000061035156,86.04499816894531,84.09500122070312,85.56999969482422,83.82305145263672,2657800,OTIS
84.79000091552734,86.41999816894531,84.68000030517578,86.2300033569336,84.7071533203125,2586400,OTIS
86.44000244140625,87.83000183105469,86.06999969482422,86.26000213623047,84.73662567138672,2901700,OTIS
86.25,86.38999938964844,83.87000274658203,84.19999694824219,82.71300506591797,1770400,OTIS
84.0,84.375,83.5199966430664,83.80999755859375,82.32989501953125,1683000,OTIS
83.6500015258789,84.55000305175781,82.87000274658203,84.45999908447266,82.96842193603516,1024700,OTIS
82.93000030517578,84.2300033569336,82.5,83.19000244140625,81.7208480834961,1170100,OTIS
84.11000061035156,84.33999633789062,82.98999786376953,83.58000183105469,82.10395812988281,1934300,OTIS
83.08000183105469,83.58000183105469,80.1500015258789,80.4000015258789,78.98011016845703,2602300,OTIS
81.69999694824219,83.33999633789062,80.41999816894531,80.44999694824219,79.02923583984375,2247400,OTIS
80.86000061035156,83.06900024414062,80.8550033569336,82.8499984741211,81.38684844970703,2224700,OTIS
83.3499984741211,83.5999984741211,81.91999816894531,82.80000305175781,81.33773803710938,2236400,OTIS
83.4000015258789,84.48999786376953,82.68000030517578,84.01000213623047,82.52635955810547,2046200,OTIS
85.13999938964844,86.26000213623047,84.72000122070312,85.69999694824219,84.18650817871094,2093000,OTIS
85.6500015258789,86.51599884033203,84.69999694824219,86.20999908447266,84.68750762939453,2923600,OTIS
86.04000091552734,86.61000061035156,85.16999816894531,86.19000244140625,84.66786193847656,2406900,OTIS
86.31999969482422,86.56999969482422,85.79499816894531,86.08000183105469,84.55980682373047,2379000,OTIS
86.25,86.63999938964844,84.80000305175781,85.37999725341797,83.8721694946289,2502400,OTIS
85.06999969482422,85.4000015258789,84.07499694824219,84.80999755859375,83.31222534179688,2178600,OTIS
85.05000305175781,85.38500213623047,83.48100280761719,84.91999816894531,83.42029571533203,2011900,OTIS
85.70999908447266,86.86499786376953,85.20999908447266,86.51000213623047,84.98221588134766,3345100,OTIS
85.43000030517578,86.66999816894531,84.0199966430664,84.16000366210938,82.67372131347656,2875700,OTIS
83.25,83.25,80.57499694824219,82.33000183105469,80.87604522705078,2440500,OTIS
83.33000183105469,84.27999877929688,82.80999755859375,84.18000030517578,82.693359375,1415100,OTIS
84.12999725341797,84.55999755859375,83.63999938964844,84.30999755859375,82.82105255126953,1014500,OTIS
84.8499984741211,85.58799743652344,84.43000030517578,85.25,83.74446105957031,933100,OTIS
85.7300033569336,86.54000091552734,85.58999633789062,86.5199966430664,84.99203491210938,674400,OTIS
86.48999786376953,86.70999908447266,86.12999725341797,86.45999908447266,84.93309020996094,730200,OTIS
86.22000122070312,87.23300170898438,86.22000122070312,86.81999969482422,85.28673553466797,1229700,OTIS
86.87000274658203,87.27400207519531,86.30000305175781,86.36000061035156,84.83485412597656,864300,OTIS
86.16999816894531,87.56900024414062,86.16999816894531,87.06999969482422,85.53231811523438,985600,OTIS
87.19999694824219,88.22000122070312,84.58000183105469,85.56999969482422,84.05880737304688,2209600,OTIS
85.4000015258789,86.45999908447266,84.97000122070312,86.22000122070312,84.69733428955078,1739200,OTIS
86.52999877929688,87.1050033569336,83.7300033569336,83.83000183105469,82.34954071044922,2656900,OTIS
84.19000244140625,84.9800033569336,83.77999877929688,84.70999908447266,83.21399688720703,1641400,OTIS
84.4000015258789,85.2699966430664,84.20999908447266,84.36000061035156,82.87017822265625,2351500,OTIS
83.80999755859375,84.69000244140625,82.45999908447266,84.66000366210938,83.16488647460938,1940000,OTIS
85.19999694824219,86.29000091552734,84.18000030517578,86.23999786376953,84.71697998046875,2334200,OTIS
86.72000122070312,87.33999633789062,86.12999725341797,86.94999694824219,85.41443634033203,2864100,OTIS
87.08999633789062,87.68000030517578,85.54000091552734,85.76000213623047,84.2454605102539,3365800,OTIS
84.86000061035156,85.6449966430664,83.04000091552734,84.18000030517578,82.693359375,2870400,OTIS
83.05000305175781,84.1500015258789,81.68000030517578,83.88999938964844,82.40847778320312,2640500,OTIS
84.19999694824219,84.44000244140625,82.8499984741211,83.0999984741211,81.6324234008789,2632200,OTIS
83.5999984741211,84.0999984741211,81.83999633789062,82.20999908447266,80.75814056396484,3534500,OTIS
82.20999908447266,83.9000015258789,81.56999969482422,83.11000061035156,81.64225769042969,2844000,OTIS
81.68000030517578,83.3499984741211,80.13999938964844,83.2300033569336,81.76014709472656,4451900,OTIS
81.7300033569336,83.62999725341797,80.91999816894531,82.97000122070312,81.50473022460938,4027200,OTIS
83.56999969482422,84.62000274658203,81.0,81.5199966430664,80.08033752441406,3633100,OTIS
82.30000305175781,83.41999816894531,81.30000305175781,82.61000061035156,81.15108489990234,3093400,OTIS
82.20999908447266,82.81999969482422,80.83999633789062,82.7699966430664,81.30825805664062,4367500,OTIS
81.30000305175781,85.69499969482422,80.5199966430664,85.43000030517578,83.9212875366211,4710600,OTIS
85.8499984741211,86.37000274658203,81.56999969482422,83.55999755859375,82.08430480957031,4970900,OTIS
83.81999969482422,84.31199645996094,82.43000030517578,83.2699966430664,81.79943084716797,2889900,OTIS
82.66999816894531,83.62999725341797,81.75,81.8499984741211,80.40450286865234,2902900,OTIS
81.26000213623047,83.2300033569336,80.97000122070312,82.44000244140625,80.98409271240234,3508500,OTIS
82.5999984741211,82.9000015258789,81.5,81.66000366210938,80.2178726196289,1790200,OTIS
82.04000091552734,84.26000213623047,81.8949966430664,84.06999969482422,82.5853042602539,3294300,OTIS
84.91000366210938,85.11399841308594,83.41000366210938,83.7699966430664,82.29059600830078,2132000,OTIS
82.87999725341797,83.33000183105469,81.19999694824219,81.55000305175781,80.10980987548828,1926400,OTIS
81.5999984741211,81.83999633789062,79.11000061035156,79.63999938964844,78.23353576660156,2494800,OTIS
79.55999755859375,80.25,78.66999816894531,79.75,78.34159851074219,3899000,OTIS
81.18000030517578,81.68000030517578,78.54499816894531,78.79000091552734,77.39854431152344,4126300,OTIS
78.94000244140625,79.31999969482422,77.45999908447266,78.87000274658203,77.47714233398438,3305200,OTIS
78.02999877929688,78.0999984741211,76.16100311279297,76.22000122070312,75.10247039794922,2253500,OTIS
76.05000305175781,76.91999816894531,75.33999633789062,76.3499984741211,75.23056030273438,6320300,OTIS
76.0999984741211,77.51000213623047,75.87999725341797,76.30000305175781,75.18130493164062,2481400,OTIS
76.7699966430664,76.80000305175781,74.16000366210938,74.69000244140625,73.59490203857422,2771000,OTIS
73.32499694824219,76.93000030517578,73.0999984741211,76.58999633789062,75.467041015625,3807000,OTIS
76.68000030517578,78.77999877929688,76.45999908447266,78.51000213623047,77.35889434814453,3005300,OTIS
77.16000366210938,78.93000030517578,77.16000366210938,78.33000183105469,77.18153381347656,3918500,OTIS
78.33999633789062,78.4800033569336,76.55999755859375,77.6500015258789,76.51151275634766,3501600,OTIS
78.18000030517578,79.00499725341797,78.05000305175781,78.77999877929688,77.62493896484375,3266200,OTIS
79.66999816894531,80.54000091552734,78.69999694824219,79.18000030517578,78.0190658569336,2660900,OTIS
78.20999908447266,78.58000183105469,76.66000366210938,77.95999908447266,76.81695556640625,2967900,OTIS
77.80000305175781,78.08999633789062,74.25,74.30000305175781,73.21062469482422,2768400,OTIS
74.20999908447266,75.2300033569336,73.4800033569336,73.5,72.42236328125,3249800,OTIS
74.94000244140625,76.19999694824219,74.76000213623047,75.26000213623047,74.15654754638672,3050200,OTIS
74.30000305175781,74.55000305175781,73.30000305175781,73.80000305175781,72.71795654296875,3981100,OTIS
73.98999786376953,74.11499786376953,72.2699966430664,72.4000015258789,71.3384780883789,3290800,OTIS
73.33000183105469,73.375,71.06999969482422,71.9800033569336,70.92465209960938,4014900,OTIS
72.5,73.91000366210938,71.94999694824219,73.6500015258789,72.57015991210938,4655600,OTIS
74.51000213623047,76.83000183105469,74.0,75.5,74.39303588867188,2692800,OTIS
75.04000091552734,76.44000244140625,74.98999786376953,76.38999938964844,75.26998138427734,1868200,OTIS
76.6500015258789,78.37000274658203,76.5199966430664,77.9800033569336,76.836669921875,3822500,OTIS
77.5199966430664,78.16500091552734,76.41999816894531,77.33000183105469,76.19619750976562,1805000,OTIS
77.30000305175781,78.58000183105469,77.30000305175781,77.52999877929688,76.39326477050781,2601700,OTIS
77.12999725341797,77.61000061035156,76.25,76.44000244140625,75.31925201416016,1675300,OTIS
76.37999725341797,77.47000122070312,75.94999694824219,77.41999816894531,76.28488159179688,1837900,OTIS
77.61000061035156,77.75,76.62000274658203,77.23999786376953,76.10751342773438,1531900,OTIS
76.95999908447266,78.05000305175781,76.31999969482422,78.01000213623047,76.86622619628906,2218200,OTIS
78.69999694824219,79.48999786376953,78.08999633789062,78.6500015258789,77.49684143066406,1812200,OTIS
78.0,78.6500015258789,77.69999694824219,77.75,76.61003875732422,1261600,OTIS
77.61000061035156,78.34500122070312,76.9000015258789,76.94999694824219,75.82176208496094,2413400,OTIS
76.91000366210938,77.25399780273438,75.75,76.27999877929688,75.16159057617188,2591900,OTIS
76.30000305175781,76.75,75.80999755859375,76.63999938964844,75.51631164550781,1872600,OTIS
76.36000061035156,76.56999969482422,74.91000366210938,75.1500015258789,74.04815673828125,1582900,OTIS
74.33000183105469,76.3499984741211,74.16000366210938,76.2300033569336,75.11233520507812,2666000,OTIS
75.77999877929688,77.98999786376953,75.77999877929688,77.54000091552734,76.40312194824219,3012100,OTIS
77.26000213623047,78.19999694824219,77.11000061035156,77.23999786376953,76.10751342773438,2107000,OTIS
77.0,77.26000213623047,76.16000366210938,76.37000274658203,75.25028228759766,1750400,OTIS
76.5199966430664,77.19000244140625,75.48999786376953,75.88999938964844,74.77731323242188,2814200,OTIS
75.26000213623047,76.5,75.26000213623047,75.83999633789062,74.72804260253906,1592600,OTIS
76.02999877929688,76.48500061035156,74.69999694824219,74.75,73.65402221679688,1717000,OTIS
74.69000244140625,75.06999969482422,73.12000274658203,73.62000274658203,72.54059600830078,1517100,OTIS
74.02999877929688,75.4800033569336,73.87000274658203,75.37000274658203,74.26494598388672,1380400,OTIS
75.9800033569336,76.37000274658203,75.29000091552734,75.5199966430664,74.41273498535156,2107800,OTIS
76.0999984741211,76.62999725341797,74.83999633789062,75.20999908447266,74.10728454589844,2256200,OTIS
73.83999633789062,74.62999725341797,73.31999969482422,73.41999816894531,72.34351348876953,2115500,OTIS
75.27999877929688,76.02999877929688,73.05999755859375,74.5999984741211,73.5062255859375,4038900,OTIS
73.37000274658203,73.97000122070312,72.19000244140625,72.37000274658203,71.30892944335938,2231400,OTIS
72.30999755859375,74.3499984741211,72.30999755859375,73.56999969482422,72.49132537841797,2499900,OTIS
73.58999633789062,76.5199966430664,73.44000244140625,76.06999969482422,74.95466613769531,2837400,OTIS
75.58000183105469,75.91999816894531,72.56999969482422,72.83999633789062,71.77202606201172,2808100,OTIS
73.0,74.04000091552734,71.33000183105469,72.94999694824219,71.88040924072266,2627400,OTIS
72.91999816894531,73.62999725341797,72.46800231933594,73.31999969482422,72.2449951171875,2297000,OTIS
73.94000244140625,76.83000183105469,73.26000213623047,76.5999984741211,75.47689819335938,2700800,OTIS
75.48999786376953,76.0999984741211,73.93499755859375,74.68000030517578,73.58505249023438,2377800,OTIS
74.2300033569336,74.87000274658203,72.7699966430664,74.58000183105469,73.48651885986328,2470400,OTIS
73.29000091552734,74.19000244140625,72.7699966430664,73.30999755859375,72.2351303100586,2718000,OTIS
73.87000274658203,74.80000305175781,71.47000122070312,72.7699966430664,71.70304870605469,2771000,OTIS
72.70999908447266,73.9800033569336,72.33999633789062,72.9000015258789,71.83114624023438,3214400,OTIS
72.5199966430664,74.30000305175781,71.26000213623047,73.0,71.9296875,2482100,OTIS
73.83000183105469,75.48999786376953,73.48500061035156,75.11000061035156,74.00875091552734,2601200,OTIS
74.55999755859375,74.86000061035156,73.58000183105469,74.33999633789062,73.25003051757812,2101000,OTIS
75.04000091552734,75.45999908447266,73.86000061035156,75.45999908447266,74.3536148071289,2742800,OTIS
74.41000366210938,74.87000274658203,71.98999786376953,72.20999908447266,71.15126037597656,1899700,OTIS
71.26000213623047,73.48999786376953,71.20999908447266,72.58999633789062,71.81410217285156,1780500,OTIS
73.30999755859375,74.36000061035156,71.44999694824219,73.44000244140625,72.65501403808594,3017700,OTIS
73.98999786376953,74.7750015258789,73.12999725341797,73.87000274658203,73.0804214477539,2473100,OTIS
74.83000183105469,75.87999725341797,73.2300033569336,75.48999786376953,74.68310546875,3071700,OTIS
74.72000122070312,74.91999816894531,72.7750015258789,73.52999877929688,72.74405670166016,2854900,OTIS
74.37999725341797,75.56999969482422,74.08000183105469,75.08000183105469,74.2774887084961,3380100,OTIS
75.8499984741211,76.62000274658203,75.37999725341797,76.30000305175781,75.48445892333984,2837700,OTIS
75.55000305175781,75.65499877929688,73.7300033569336,74.4000015258789,73.60475158691406,9765400,OTIS
74.31999969482422,75.16999816894531,73.58000183105469,73.97000122070312,73.17935180664062,2384000,OTIS
74.0,75.36000061035156,73.6500015258789,75.23999786376953,74.43577575683594,2133600,OTIS
74.73999786376953,75.31999969482422,74.08999633789062,75.19000244140625,74.38631439208984,1415400,OTIS
75.52999877929688,76.05999755859375,75.08000183105469,75.19999694824219,74.39620208740234,1019900,OTIS
74.73999786376953,76.55999755859375,74.37999725341797,76.48999786376953,75.67240905761719,1582500,OTIS
75.83000183105469,76.94000244140625,75.19000244140625,76.33999633789062,75.52401733398438,1926900,OTIS
76.19000244140625,77.16000366210938,75.76000213623047,76.0,75.18765258789062,2505100,OTIS
74.79000091552734,75.02999877929688,73.2699966430664,73.29000091552734,72.50662994384766,2314500,OTIS
71.43000030517578,72.19999694824219,70.44999694824219,71.0999984741211,70.34002685546875,1860400,OTIS
70.91999816894531,71.20500183105469,68.63999938964844,69.20999908447266,68.47023010253906,1859400,OTIS
69.41000366210938,70.7699966430664,68.76000213623047,69.76000213623047,69.01435089111328,1629300,OTIS
68.41999816894531,68.48500061035156,66.97000122070312,67.94999694824219,67.22370147705078,1818700,OTIS
67.94000244140625,68.73999786376953,67.2300033569336,67.87999725341797,67.1544418334961,3669400,OTIS
68.80000305175781,70.11000061035156,68.16000366210938,69.87000274658203,69.12317657470703,2506000,OTIS
68.4800033569336,69.12000274658203,67.87000274658203,68.76000213623047,68.0250473022461,2621800,OTIS
68.68000030517578,69.5199966430664,67.91999816894531,68.58999633789062,67.85684967041016,1791000,OTIS
68.94999694824219,70.9000015258789,68.47000122070312,70.86000061035156,70.10260009765625,3453500,OTIS
71.30000305175781,71.37000274658203,69.125,69.91999816894531,69.17263793945312,2327700,OTIS
70.19999694824219,70.8499984741211,69.48999786376953,69.79000091552734,69.04403686523438,1877800,OTIS
69.5,70.19999694824219,68.5199966430664,69.77999877929688,69.03413391113281,2728700,OTIS
68.97000122070312,70.91000366210938,68.75,70.66999816894531,69.91462707519531,2822500,OTIS
70.9800033569336,72.24500274658203,70.2300033569336,71.9000015258789,71.13147735595703,2096300,OTIS
70.37999725341797,71.48999786376953,70.17500305175781,71.37000274658203,70.60713958740234,1936800,OTIS
71.45999908447266,71.77999877929688,70.58999633789062,71.26000213623047,70.49832153320312,2440000,OTIS
68.6500015258789,70.20999908447266,67.36000061035156,70.08999633789062,69.3408203125,4386800,OTIS
70.0,70.37000274658203,68.82099914550781,69.88999938964844,69.1429672241211,2485600,OTIS
69.93000030517578,70.16999816894531,68.69999694824219,69.0,68.2624740600586,2116900,OTIS
68.88999938964844,70.19999694824219,68.55999755859375,68.83999633789062,68.10417938232422,2430700,OTIS
68.08000183105469,68.94999694824219,67.83000183105469,68.4000015258789,67.66889190673828,1635500,OTIS
67.31999969482422,69.0199966430664,67.0,68.98999786376953,68.25257873535156,2793600,OTIS
69.93000030517578,70.1500015258789,69.26000213623047,69.51000213623047,68.76702117919922,3010100,OTIS
69.88999938964844,70.48400115966797,68.77999877929688,68.95999908447266,68.222900390625,1525900,OTIS
69.80000305175781,71.93000030517578,69.75,71.83999633789062,71.0721206665039,2450500,OTIS
72.04000091552734,72.76000213623047,71.0999984741211,72.66999816894531,71.89324188232422,1942400,OTIS
72.6500015258789,73.11499786376953,72.25,72.94999694824219,72.17024993896484,1520900,OTIS
73.08000183105469,73.29000091552734,71.37999725341797,71.9000015258789,71.13147735595703,3805300,OTIS
71.97000122070312,72.66000366210938,71.70999908447266,72.38999938964844,71.61624145507812,1620800,OTIS
72.38999938964844,72.79000091552734,71.58999633789062,72.72000122070312,71.94271850585938,1897800,OTIS
72.80000305175781,76.61000061035156,72.80000305175781,76.44000244140625,75.62295532226562,3786500,OTIS
76.05999755859375,77.48999786376953,75.91000366210938,76.8499984741211,76.028564453125,2118300,OTIS
77.08999633789062,78.55000305175781,76.38999938964844,78.16999816894531,77.33445739746094,2183100,OTIS
77.30000305175781,79.05000305175781,77.30000305175781,78.27999877929688,77.44328308105469,2425700,OTIS
78.16999816894531,78.7699966430664,77.4000015258789,77.45999908447266,76.63204956054688,2146700,OTIS
77.8499984741211,79.69999694824219,77.45899963378906,79.2300033569336,78.38313293457031,2483600,OTIS
79.58000183105469,79.80999755859375,79.04000091552734,79.5,78.65023803710938,2129600,OTIS
78.91000366210938,79.71499633789062,78.55999755859375,79.31999969482422,78.47216796875,1492700,OTIS
79.80000305175781,80.06500244140625,79.01499938964844,79.27999877929688,78.4325942993164,1882400,OTIS
78.9000015258789,79.08000183105469,78.36000061035156,78.86000061035156,78.01708221435547,1276600,OTIS
80.0,80.54499816894531,79.37999725341797,79.9000015258789,79.04596710205078,1419700,OTIS
80.70999908447266,81.54000091552734,80.0999984741211,80.5999984741211,79.73847961425781,1665800,OTIS
81.05999755859375,81.86000061035156,80.55000305175781,81.75,80.8761978149414,1758800,OTIS
81.26000213623047,81.94000244140625,81.01000213623047,81.55000305175781,80.67832946777344,2015600,OTIS
81.23999786376953,81.76000213623047,80.90499877929688,81.31999969482422,80.45079040527344,1862100,OTIS
80.5199966430664,80.86000061035156,80.16000366210938,80.58000183105469,79.71870422363281,1623200,OTIS
80.54000091552734,80.58999633789062,80.01000213623047,80.41000366210938,79.83785247802734,1183100,OTIS
80.02999877929688,80.19999694824219,78.98999786376953,79.41000366210938,78.84496307373047,1212500,OTIS
78.06999969482422,78.2750015258789,77.08999633789062,77.33000183105469,76.7797622680664,2493900,OTIS
77.12999725341797,77.66000366210938,76.55500030517578,76.9000015258789,76.35282135009766,1680300,OTIS
76.95999908447266,77.66000366210938,76.77999877929688,77.37000274658203,76.8194808959961,1676800,OTIS
77.70999908447266,78.23999786376953,77.38999938964844,78.18000030517578,77.62371826171875,1881600,OTIS
78.38999938964844,78.38999938964844,75.16999816894531,75.2300033569336,74.69470977783203,1482100,OTIS
74.75,74.80000305175781,73.88999938964844,74.06999969482422,73.54295349121094,1441700,OTIS
74.12999725341797,74.36000061035156,72.2300033569336,72.86000061035156,72.34156799316406,2247000,OTIS
73.19999694824219,73.48999786376953,71.83000183105469,72.22000122070312,71.70612335205078,3350600,OTIS
72.13999938964844,72.76000213623047,71.31999969482422,72.72000122070312,72.20256805419922,1653600,OTIS
73.45999908447266,73.61000061035156,71.44999694824219,71.72000122070312,71.20968627929688,1565900,OTIS
71.69999694824219,72.1500015258789,70.93000030517578,72.08000183105469,71.56712341308594,1597300,OTIS
72.20999908447266,73.51000213623047,71.7300033569336,73.41000366210938,72.88765716552734,1751400,OTIS
72.94000244140625,73.22000122070312,72.41999816894531,72.91000366210938,72.39122009277344,1883900,OTIS
73.18000030517578,73.54000091552734,72.7699966430664,73.4000015258789,72.87773132324219,1803300,OTIS
73.98999786376953,74.0999984741211,72.87000274658203,73.80000305175781,73.27488708496094,1693800,OTIS
72.2699966430664,72.43000030517578,70.76000213623047,71.12000274658203,70.61395263671875,1756300,OTIS
71.05000305175781,71.17500305175781,69.30999755859375,69.8499984741211,69.35298156738281,2097200,OTIS
69.9000015258789,70.45999908447266,68.69000244140625,68.93000030517578,68.43953704833984,2129100,OTIS
68.16999816894531,68.30000305175781,67.0199966430664,67.80000305175781,67.31758117675781,3782500,OTIS
67.44999694824219,68.3499984741211,67.4000015258789,68.25,67.76436614990234,2338000,OTIS
67.83000183105469,68.01000213623047,66.88999938964844,67.62000274658203,67.13885498046875,1842500,OTIS
67.93000030517578,68.83999633789062,67.0199966430664,67.02999877929688,66.55305480957031,1579600,OTIS
66.58000183105469,67.11499786376953,65.3550033569336,65.44999694824219,64.98429107666016,1981000,OTIS
64.98999786376953,65.93000030517578,64.75499725341797,65.77999877929688,65.31194305419922,2551600,OTIS
65.4800033569336,66.58000183105469,64.8499984741211,65.37000274658203,64.90486907958984,2415500,OTIS
65.94000244140625,66.25,64.61000061035156,65.12999725341797,64.66657257080078,1890500,OTIS
65.7300033569336,66.2300033569336,64.8949966430664,65.7699966430664,65.30201721191406,2264400,OTIS
65.22000122070312,65.36000061035156,63.875,64.5,64.04105377197266,1910800,OTIS
64.52999877929688,64.91999816894531,63.7400016784668,63.79999923706055,63.34603500366211,2625600,OTIS
64.72000122070312,66.01000213623047,64.11000061035156,65.44000244140625,64.974365234375,1905500,OTIS
66.45999908447266,67.4800033569336,66.28500366210938,67.05000305175781,66.57291412353516,2424900,OTIS
66.41999816894531,67.87999725341797,66.33499908447266,67.43000030517578,66.95021057128906,1452500,OTIS
67.22000122070312,67.61000061035156,66.69999694824219,66.80000305175781,66.32469177246094,1670000,OTIS
66.16999816894531,66.51000213623047,64.87000274658203,65.26000213623047,64.79564666748047,1446600,OTIS
65.80000305175781,65.98999786376953,64.47000122070312,65.01000213623047,64.54743194580078,841300,OTIS
64.97000122070312,65.56999969482422,64.4800033569336,64.75,64.28927612304688,1449200,OTIS
65.06999969482422,65.33999633789062,64.56500244140625,64.58000183105469,64.12049102783203,1637600,OTIS
63.18000030517578,65.55000305175781,62.4900016784668,65.01000213623047,64.54743194580078,1946400,OTIS
65.43000030517578,66.0999984741211,63.83000183105469,64.12000274658203,63.663761138916016,1632800,OTIS
65.02999877929688,65.7300033569336,64.80999755859375,65.37000274658203,64.90486907958984,1688600,OTIS
66.91999816894531,67.0,66.0,66.70999908447266,66.2353286743164,1637200,OTIS
66.47000122070312,66.94999694824219,65.66000366210938,66.27999877929688,65.80838775634766,1552300,OTIS
66.44000244140625,66.70500183105469,64.66999816894531,64.75,64.28927612304688,1923200,OTIS
65.02999877929688,66.94000244140625,64.30000305175781,66.79000091552734,66.31476593017578,2351000,OTIS
67.16999816894531,67.88999938964844,66.79000091552734,67.08000183105469,66.60269927978516,2518300,OTIS
66.9800033569336,68.91000366210938,66.9800033569336,68.8499984741211,68.360107421875,2567100,OTIS
68.69000244140625,69.1500015258789,66.77999877929688,68.33999633789062,67.85372924804688,3656700,OTIS
68.51000213623047,71.5199966430664,68.4000015258789,70.01000213623047,69.51184844970703,3016900,OTIS
70.12000274658203,71.87000274658203,69.8499984741211,71.69000244140625,71.17989349365234,1918400,OTIS
70.68000030517578,71.5199966430664,70.23999786376953,70.63999938964844,70.13736724853516,2551900,OTIS
71.2699966430664,72.0199966430664,70.7300033569336,71.51000213623047,71.00117492675781,1885200,OTIS
71.20999908447266,72.56999969482422,70.19999694824219,70.20999908447266,69.71041870117188,1782900,OTIS
69.47000122070312,71.08999633789062,69.12000274658203,70.20999908447266,69.71041870117188,2035000,OTIS
71.29000091552734,73.87000274658203,71.29000091552734,73.22000122070312,72.69900512695312,2299000,OTIS
73.08999633789062,73.7699966430664,72.69000244140625,73.73999786376953,73.2153091430664,1777400,OTIS
73.94000244140625,74.19999694824219,72.5999984741211,73.16000366210938,72.63943481445312,1528100,OTIS
72.95999908447266,73.88999938964844,72.54000091552734,72.61000061035156,72.09335327148438,1743200,OTIS
74.5199966430664,76.11000061035156,74.5199966430664,75.5999984741211,75.06207275390625,2643400,OTIS
75.66000366210938,78.02999877929688,75.61499786376953,77.37000274658203,76.8194808959961,2984500,OTIS
76.76000213623047,79.55999755859375,76.72000122070312,77.7699966430664,77.21662902832031,4193900,OTIS
78.47000122070312,79.4800033569336,78.19000244140625,78.70999908447266,78.14994049072266,2349100,OTIS
78.44999694824219,79.75,78.33000183105469,78.4000015258789,77.84214782714844,2169600,OTIS
77.0,77.41000366210938,75.70999908447266,77.3499984741211,77.08475494384766,3420800,OTIS
78.18000030517578,78.76000213623047,77.41999816894531,77.76000213623047,77.49335479736328,3697600,OTIS
77.47000122070312,78.5199966430664,76.80500030517578,78.19000244140625,77.92188262939453,2068800,OTIS
78.55999755859375,78.58999633789062,77.5999984741211,78.25,77.98167419433594,1916300,OTIS
77.97000122070312,78.52999877929688,77.51000213623047,78.0999984741211,77.83218383789062,1898000,OTIS
78.54000091552734,79.01799774169922,78.22000122070312,78.66999816894531,78.40023040771484,971100,OTIS
78.0199966430664,78.36000061035156,76.19499969482422,76.33999633789062,76.07821655273438,2065800,OTIS
76.45999908447266,77.62000274658203,76.13999938964844,76.87999725341797,76.61636352539062,1869000,OTIS
76.80999755859375,78.16500091552734,75.5199966430664,78.08999633789062,77.82221984863281,3462100,OTIS
77.62000274658203,78.91000366210938,77.33999633789062,78.83000183105469,78.55968475341797,1776700,OTIS
78.06999969482422,80.16000366210938,77.5199966430664,79.75,79.47652435302734,1998300,OTIS
78.81999969482422,79.26000213623047,77.83999633789062,78.4800033569336,78.21088409423828,2100200,OTIS
78.47000122070312,79.22000122070312,78.25,79.19000244140625,78.91844940185547,2674000,OTIS
78.97000122070312,79.48999786376953,78.36000061035156,79.0,78.7291030883789,2151300,OTIS
79.87999725341797,80.0,79.05500030517578,79.73999786376953,79.46656036376953,2376700,OTIS
79.87000274658203,80.0,78.3550033569336,78.45999908447266,78.19094848632812,1417200,OTIS
78.9000015258789,80.62000274658203,78.5199966430664,80.54000091552734,80.2638168334961,1681200,OTIS
82.0,82.0,80.58000183105469,80.94999694824219,80.67240905761719,2600900,OTIS
81.0,81.94000244140625,79.9000015258789,80.25,79.97481536865234,3025900,OTIS
79.33999633789062,79.56999969482422,77.98999786376953,78.81999969482422,78.54971313476562,2119400,OTIS
78.20999908447266,78.7300033569336,77.69999694824219,78.5999984741211,78.3304672241211,4036900,OTIS
78.62999725341797,79.01499938964844,77.5719985961914,77.87000274658203,77.60297393798828,1532700,OTIS
77.9000015258789,78.26000213623047,77.51000213623047,77.91999816894531,77.65280151367188,1889800,OTIS
78.44000244140625,79.12999725341797,77.91000366210938,79.02999877929688,78.75899505615234,1621700,OTIS
78.55999755859375,78.77999877929688,77.0999984741211,78.13999938964844,77.8720474243164,1379600,OTIS
77.9000015258789,78.62999725341797,77.73999786376953,78.36000061035156,78.09129333496094,810400,OTIS
78.37000274658203,78.97000122070312,78.01000213623047,78.51000213623047,78.24078369140625,955400,OTIS
78.5999984741211,78.75,77.38999938964844,77.4000015258789,77.13459014892578,882800,OTIS
78.04000091552734,79.2300033569336,77.5999984741211,79.06999969482422,78.79885864257812,957700,OTIS
78.80000305175781,78.98999786376953,77.55000305175781,78.30999755859375,78.04146575927734,995900,OTIS
78.94000244140625,79.45999908447266,78.41000366210938,79.12000274658203,78.84869384765625,1317300,OTIS
79.77999877929688,80.87000274658203,79.30000305175781,80.7699966430664,80.49302673339844,1611900,OTIS
80.51000213623047,80.80999755859375,79.95999908447266,80.12999725341797,79.855224609375,2136300,OTIS
80.98999786376953,82.05000305175781,80.41000366210938,81.8499984741211,81.56932830810547,1555400,OTIS
81.9800033569336,82.92500305175781,81.31500244140625,81.47000122070312,81.19062805175781,1652600,OTIS
81.37999725341797,81.7699966430664,80.7699966430664,81.66999816894531,81.38994598388672,1975300,OTIS
82.2300033569336,82.2300033569336,81.13999938964844,81.9000015258789,81.61915588378906,2683300,OTIS
82.0,82.98999786376953,80.75,82.9000015258789,82.61573028564453,2503600,OTIS
82.63999938964844,83.30000305175781,82.22200012207031,83.25,82.96452331542969,1272000,OTIS
83.26000213623047,83.48999786376953,82.875,82.9800033569336,82.6954574584961,1946300,OTIS
83.22000122070312,83.4000015258789,81.7699966430664,81.79000091552734,81.50953674316406,1876300,OTIS
81.52999877929688,81.7699966430664,79.62000274658203,79.6500015258789,79.37686920166016,1552100,OTIS
80.04000091552734,80.83999633789062,79.16000366210938,80.80999755859375,80.53289031982422,1787600,OTIS
80.62000274658203,81.78500366210938,79.88999938964844,81.3499984741211,81.07103729248047,1104400,OTIS
80.26000213623047,82.5250015258789,80.26000213623047,82.11000061035156,81.82843780517578,1542900,OTIS
81.5,81.5,80.04000091552734,80.95999908447266,80.68238067626953,1448800,OTIS
81.41000366210938,81.45999908447266,80.16000366210938,81.08000183105469,80.80197143554688,1353100,OTIS
80.91999816894531,81.5999984741211,80.38999938964844,81.19999694824219,80.92155456542969,1457100,OTIS
80.77999877929688,81.5199966430664,80.37000274658203,80.95999908447266,80.68238067626953,1334300,OTIS
81.5199966430664,82.2300033569336,81.01000213623047,82.2300033569336,81.94802856445312,2543400,OTIS
82.47000122070312,85.12000274658203,82.08000183105469,84.55999755859375,84.27003479003906,3058700,OTIS
85.43000030517578,85.54000091552734,83.79000091552734,83.86000061035156,83.57243347167969,2274200,OTIS
83.4800033569336,84.8499984741211,83.43499755859375,84.7300033569336,84.439453125,1580500,OTIS
83.97000122070312,84.8499984741211,83.54000091552734,83.66999816894531,83.38308715820312,1500100,OTIS
83.12000274658203,83.81999969482422,82.20999908447266,83.62999725341797,83.34322357177734,1641500,OTIS
83.41000366210938,84.0199966430664,83.04000091552734,83.52999877929688,83.24356842041016,1724200,OTIS
84.0199966430664,84.25,82.5,82.80999755859375,82.52603149414062,1745200,OTIS
82.81999969482422,83.43000030517578,82.37999725341797,83.22000122070312,82.93463134765625,1906000,OTIS
83.68000030517578,84.61000061035156,83.3499984741211,84.37999725341797,84.09064483642578,1758700,OTIS
84.37999725341797,84.87000274658203,83.69000244140625,84.33000183105469,84.04082489013672,1887400,OTIS
84.23999786376953,84.6500015258789,83.95999908447266,84.56999969482422,84.27999877929688,1182000,OTIS
83.44999694824219,84.16999816894531,83.09500122070312,83.58999633789062,83.58999633789062,1427500,OTIS
83.86000061035156,84.80999755859375,83.37000274658203,84.76000213623047,84.76000213623047,1800700,OTIS
83.9000015258789,84.30999755859375,82.86000061035156,83.05999755859375,83.05999755859375,2365600,OTIS
83.75,84.12999725341797,83.05000305175781,83.37000274658203,83.37000274658203,1671900,OTIS
83.44000244140625,84.13999938964844,82.7300033569336,83.97000122070312,83.97000122070312,1371600,OTIS
83.63999938964844,84.0199966430664,83.05000305175781,83.62999725341797,83.62999725341797,1889500,OTIS
83.76000213623047,84.5199966430664,83.72000122070312,84.0,84.0,1362400,OTIS
83.97000122070312,84.98999786376953,83.94000244140625,84.62000274658203,84.62000274658203,2963600,OTIS
84.47000122070312,85.55999755859375,84.30999755859375,85.2300033569336,85.2300033569336,1914600,OTIS
85.13999938964844,85.9749984741211,84.69000244140625,85.66999816894531,85.66999816894531,1415400,OTIS
86.0,87.05999755859375,85.63999938964844,86.93000030517578,86.93000030517578,1292300,OTIS
86.88999938964844,87.33000183105469,86.52999877929688,86.6500015258789,86.6500015258789,1704900,OTIS
86.80999755859375,86.80999755859375,84.98999786376953,85.13999938964844,85.13999938964844,1952400,OTIS
85.22000122070312,85.63999938964844,84.5,85.33999633789062,85.33999633789062,1703600,OTIS
85.66000366210938,85.76000213623047,84.0,84.1500015258789,84.1500015258789,1731600,OTIS
84.12999725341797,84.12999725341797,81.79000091552734,82.1500015258789,82.1500015258789,1962300,OTIS
81.36000061035156,82.98500061035156,81.2300033569336,81.94000244140625,81.94000244140625,2497000,OTIS
83.1500015258789,83.94000244140625,82.48999786376953,83.43000030517578,83.43000030517578,2293000,OTIS
82.30999755859375,82.62999725341797,79.66000366210938,81.16000366210938,81.16000366210938,2710400,OTIS
80.41000366210938,81.63999938964844,80.01000213623047,81.51000213623047,81.51000213623047,1854400,OTIS
81.16999816894531,81.23999786376953,79.61000061035156,80.04000091552734,80.04000091552734,3538700,OTIS
80.68000030517578,81.88999938964844,80.44000244140625,81.77999877929688,81.77999877929688,1624900,OTIS
82.6500015258789,82.93000030517578,81.8550033569336,82.30999755859375,82.30999755859375,1237300,OTIS
82.12999725341797,82.48999786376953,80.61000061035156,80.63999938964844,80.63999938964844,1464400,OTIS
80.30000305175781,81.50399780273438,79.62000274658203,80.27999877929688,80.27999877929688,1890300,OTIS
79.16000366210938,80.6500015258789,78.52999877929688,80.5,80.5,1687293,OTIS
